,Split,Year,OPS,MLB_OPS
0,as SS,1912,0.64,0.695
1,as 1B,1912,0.734,0.695
2,as 2B,1912,0.723,0.695
3,as LF,1912,0.719,0.695
4,as CF,1912,0.774,0.695
5,as PH,1912,0.587,0.695
6,as RF,1912,0.755,0.695
7,as 3B,1912,0.719,0.695
8,as C,1912,0.643,0.695
9,as P,1912,0.487,0.695
10,as PH,1913,0.629,0.67
11,as RF,1913,0.714,0.67
12,as LF,1913,0.703,0.67
13,as SS,1913,0.631,0.67
14,as 1B,1913,0.705,0.67
15,as 2B,1913,0.694,0.67
16,as P,1913,0.433,0.67
17,as CF,1913,0.713,0.67
18,as 3B,1913,0.679,0.67
19,as C,1913,0.635,0.67
20,as 3B,1914,0.659,0.659
21,as C,1914,0.623,0.659
22,as LF,1914,0.709,0.659
23,as PH,1914,0.628,0.659
24,as RF,1914,0.718,0.659
25,as SS,1914,0.62,0.659
26,as CF,1914,0.726,0.659
27,as 1B,1914,0.685,0.659
28,as 2B,1914,0.679,0.659
29,as P,1914,0.427,0.659
30,as P,1915,0.448,0.65
31,as PH,1915,0.58,0.65
32,as 3B,1915,0.627,0.65
33,as C,1915,0.615,0.65
34,as LF,1915,0.703,0.65
35,as 1B,1915,0.689,0.65
36,as 2B,1915,0.674,0.65
37,as RF,1915,0.71,0.65
38,as SS,1915,0.617,0.65
39,as CF,1915,0.695,0.65
40,as CF,1916,0.723,0.638
41,as 3B,1916,0.637,0.638
42,as C,1916,0.602,0.638
43,as PH,1916,0.58,0.638
44,as P,1916,0.42,0.638
45,as RF,1916,0.677,0.638
46,as SS,1916,0.599,0.638
47,as LF,1916,0.689,0.638
48,as 1B,1916,0.682,0.638
49,as 2B,1916,0.629,0.638
50,as 1B,1917,0.674,0.635
51,as 2B,1917,0.603,0.635
52,as P,1917,0.436,0.635
53,as 3B,1917,0.643,0.635
54,as C,1917,0.589,0.635
55,as CF,1917,0.703,0.635
56,as PH,1917,0.551,0.635
57,as LF,1917,0.697,0.635
58,as RF,1917,0.675,0.635
59,as SS,1917,0.631,0.635
60,as RF,1918,0.697,0.642
61,as SS,1918,0.622,0.642
62,as CF,1918,0.712,0.642
63,as P,1918,0.467,0.642
64,as 1B,1918,0.708,0.642
65,as 2B,1918,0.619,0.642
66,as 3B,1918,0.647,0.642
67,as C,1918,0.566,0.642
68,as PH,1918,0.583,0.642
69,as LF,1918,0.677,0.642
70,as LF,1919,0.748,0.67
71,as 1B,1919,0.724,0.67
72,as 2B,1919,0.64,0.67
73,as CF,1919,0.728,0.67
74,as RF,1919,0.726,0.67
75,as SS,1919,0.639,0.67
76,as P,1919,0.466,0.67
77,as PH,1919,0.604,0.67
78,as 3B,1919,0.659,0.67
79,as C,1919,0.632,0.67
80,as RF,1920,0.772,0.697
81,as SS,1920,0.673,0.697
82,as 1B,1920,0.734,0.697
83,as 2B,1920,0.704,0.697
84,as LF,1920,0.772,0.697
85,as CF,1920,0.79,0.697
86,as 3B,1920,0.684,0.697
87,as C,1920,0.66,0.697
88,as P,1920,0.5,0.697
89,as PH,1920,0.626,0.697
90,as PH,1921,0.679,0.737
91,as LF,1921,0.843,0.737
92,as RF,1921,0.813,0.737
93,as SS,1921,0.683,0.737
94,as 1B,1921,0.781,0.737
95,as 2B,1921,0.754,0.737
96,as P,1921,0.523,0.737
97,as CF,1921,0.809,0.737
98,as 3B,1921,0.744,0.737
99,as C,1921,0.729,0.737
100,as 3B,1922,0.704,0.746
101,as C,1922,0.756,0.746
102,as LF,1922,0.832,0.746
103,as PH,1922,0.647,0.746
104,as RF,1922,0.816,0.746
105,as SS,1922,0.705,0.746
106,as CF,1922,0.81,0.746
107,as 1B,1922,0.809,0.746
108,as 2B,1922,0.75,0.746
109,as P,1922,0.487,0.746
110,as P,1923,0.496,0.737
111,as PH,1923,0.71,0.737
112,as LF,1923,0.811,0.737
113,as 3B,1923,0.709,0.737
114,as C,1923,0.696,0.737
115,as 1B,1923,0.794,0.737
116,as 2B,1923,0.735,0.737
117,as RF,1923,0.814,0.737
118,as SS,1923,0.678,0.737
119,as CF,1923,0.803,0.737
120,as CF,1924,0.784,0.732
121,as LF,1924,0.812,0.732
122,as P,1924,0.519,0.732
123,as PH,1924,0.679,0.732
124,as 3B,1924,0.698,0.732
125,as C,1924,0.724,0.732
126,as RF,1924,0.791,0.732
127,as SS,1924,0.684,0.732
128,as 1B,1924,0.805,0.732
129,as 2B,1924,0.771,0.732
130,as 1B,1925,0.843,0.757
131,as 2B,1925,0.769,0.757
132,as PH,1925,0.676,0.757
133,as LF,1925,0.83,0.757
134,as CF,1925,0.841,0.757
135,as P,1925,0.518,0.757
136,as 3B,1925,0.735,0.757
137,as C,1925,0.731,0.757
138,as RF,1925,0.82,0.757
139,as SS,1925,0.683,0.757
140,as RF,1926,0.801,0.736
141,as SS,1926,0.696,0.736
142,as CF,1926,0.805,0.736
143,as PH,1926,0.676,0.736
144,as 1B,1926,0.793,0.736
145,as 2B,1926,0.698,0.736
146,as LF,1926,0.787,0.736
147,as 3B,1926,0.711,0.736
148,as C,1926,0.701,0.736
149,as P,1926,0.488,0.736
150,as 1B,1927,0.797,0.736
151,as 2B,1927,0.731,0.736
152,as CF,1927,0.786,0.736
153,as RF,1927,0.816,0.736
154,as SS,1927,0.691,0.736
155,as PH,1927,0.639,0.736
156,as P,1927,0.499,0.736
157,as LF,1927,0.794,0.736
158,as 3B,1927,0.72,0.736
159,as C,1927,0.707,0.736
160,as 3B,1928,0.746,0.738
161,as C,1928,0.692,0.738
162,as RF,1928,0.816,0.738
163,as SS,1928,0.665,0.738
164,as 1B,1928,0.834,0.738
165,as 2B,1928,0.731,0.738
166,as CF,1928,0.766,0.738
167,as LF,1928,0.823,0.738
168,as PH,1928,0.678,0.738
169,as P,1928,0.474,0.738
170,as P,1929,0.49,0.769
171,as RF,1929,0.866,0.769
172,as SS,1929,0.703,0.769
173,as 3B,1929,0.731,0.769
174,as C,1929,0.708,0.769
175,as 1B,1929,0.865,0.769
176,as 2B,1929,0.766,0.769
177,as PH,1929,0.651,0.769
178,as CF,1929,0.831,0.769
179,as LF,1929,0.845,0.769
180,as LF,1930,0.866,0.778
181,as 3B,1930,0.779,0.778
182,as C,1930,0.754,0.778
183,as P,1930,0.538,0.778
184,as RF,1930,0.902,0.778
185,as SS,1930,0.733,0.778
186,as CF,1930,0.796,0.778
187,as 1B,1930,0.88,0.778
188,as 2B,1930,0.764,0.778
189,as PH,1930,0.707,0.778
190,as PH,1931,0.661,0.728
191,as P,1931,0.47,0.728
192,as 3B,1931,0.707,0.728
193,as C,1931,0.705,0.728
194,as LF,1931,0.817,0.728
195,as 1B,1931,0.826,0.728
196,as 2B,1931,0.705,0.728
197,as RF,1931,0.832,0.728
198,as SS,1931,0.687,0.728
199,as CF,1931,0.77,0.728
200,as CF,1932,0.785,0.725
201,as LF,1932,0.804,0.725
202,as P,1932,0.471,0.725
203,as PH,1932,0.649,0.725
204,as 3B,1932,0.699,0.725
205,as C,1932,0.731,0.725
206,as RF,1932,0.843,0.725
207,as SS,1932,0.708,0.725
208,as 1B,1932,0.82,0.725
209,as 2B,1932,0.716,0.725
210,as 1B,1933,0.777,0.707
211,as 2B,1933,0.708,0.707
212,as PH,1933,0.664,0.707
213,as LF,1933,0.765,0.707
214,as CF,1933,0.755,0.707
215,as P,1933,0.448,0.707
216,as 3B,1933,0.69,0.707
217,as C,1933,0.689,0.707
218,as RF,1933,0.786,0.707
219,as SS,1933,0.672,0.707
220,as RF,1934,0.777,0.734
221,as SS,1934,0.72,0.734
222,as CF,1934,0.791,0.734
223,as PH,1934,0.681,0.734
224,as 1B,1934,0.861,0.734
225,as 2B,1934,0.713,0.734
226,as LF,1934,0.806,0.734
227,as 3B,1934,0.73,0.734
228,as C,1934,0.707,0.734
229,as P,1934,0.464,0.734
230,as 1B,1935,0.803,0.743
231,as 2B,1935,0.713,0.743
232,as CF,1935,0.765,0.743
233,as RF,1935,0.777,0.743
234,as SS,1935,0.718,0.743
235,as PH,1935,0.635,0.743
236,as P,1935,0.472,0.743
237,as LF,1935,0.798,0.743
238,as 3B,1935,0.751,0.743
239,as C,1935,0.751,0.743
240,as 3B,1936,0.753,0.754
241,as C,1936,0.74,0.754
242,as RF,1936,0.83,0.754
243,as SS,1936,0.728,0.754
244,as 1B,1936,0.862,0.754
245,as 2B,1936,0.732,0.754
246,as CF,1936,0.785,0.754
247,as LF,1936,0.817,0.754
248,as PH,1936,0.688,0.754
249,as P,1936,0.479,0.754
250,as P,1937,0.461,0.741
251,as RF,1937,0.848,0.741
252,as SS,1937,0.715,0.741
253,as 3B,1937,0.741,0.741
254,as C,1937,0.734,0.741
255,as 1B,1937,0.84,0.741
256,as 2B,1937,0.718,0.741
257,as PH,1937,0.628,0.741
258,as CF,1937,0.765,0.741
259,as LF,1937,0.794,0.741
260,as LF,1938,0.795,0.734
261,as 3B,1938,0.762,0.734
262,as C,1938,0.741,0.734
263,as P,1938,0.458,0.734
264,as RF,1938,0.787,0.734
265,as SS,1938,0.717,0.734
266,as CF,1938,0.766,0.734
267,as 1B,1938,0.86,0.734
268,as 2B,1938,0.718,0.734
269,as PH,1938,0.586,0.734
270,as PH,1939,0.657,0.734
271,as P,1939,0.461,0.734
272,as 3B,1939,0.762,0.734
273,as C,1939,0.721,0.734
274,as LF,1939,0.77,0.734
275,as 1B,1939,0.838,0.734
276,as 2B,1939,0.741,0.734
277,as RF,1939,0.804,0.734
278,as SS,1939,0.684,0.734
279,as CF,1939,0.784,0.734
280,as CF,1940,0.788,0.723
281,as LF,1940,0.793,0.723
282,as P,1940,0.443,0.723
283,as PH,1940,0.662,0.723
284,as 3B,1940,0.734,0.723
285,as C,1940,0.7,0.723
286,as RF,1940,0.803,0.723
287,as SS,1940,0.669,0.723
288,as 1B,1940,0.806,0.723
289,as 2B,1940,0.715,0.723
290,as 1B,1941,0.81,0.705
291,as 2B,1941,0.67,0.705
292,as PH,1941,0.609,0.705
293,as LF,1941,0.778,0.705
294,as CF,1941,0.784,0.705
295,as P,1941,0.42,0.705
296,as 3B,1941,0.702,0.705
297,as C,1941,0.661,0.705
298,as RF,1941,0.774,0.705
299,as SS,1941,0.697,0.705
300,as RF,1942,0.732,0.67
301,as SS,1942,0.651,0.67
302,as CF,1942,0.714,0.67
303,as PH,1942,0.574,0.67
304,as 1B,1942,0.741,0.67
305,as 2B,1942,0.651,0.67
306,as LF,1942,0.768,0.67
307,as 3B,1942,0.687,0.67
308,as C,1942,0.63,0.67
309,as P,1942,0.409,0.67
310,as 1B,1943,0.724,0.671
311,as 2B,1943,0.673,0.671
312,as CF,1943,0.686,0.671
313,as RF,1943,0.726,0.671
314,as SS,1943,0.643,0.671
315,as PH,1943,0.609,0.671
316,as P,1943,0.427,0.671
317,as LF,1943,0.729,0.671
318,as 3B,1943,0.671,0.671
319,as C,1943,0.647,0.671
320,as 3B,1944,0.692,0.684
321,as C,1944,0.661,0.684
322,as RF,1944,0.756,0.684
323,as SS,1944,0.611,0.684
324,as 1B,1944,0.77,0.684
325,as 2B,1944,0.653,0.684
326,as CF,1944,0.751,0.684
327,as LF,1944,0.78,0.684
328,as PH,1944,0.623,0.684
329,as P,1944,0.437,0.684
330,as P,1945,0.446,0.684
331,as RF,1945,0.769,0.684
332,as SS,1945,0.643,0.684
333,as 3B,1945,0.708,0.684
334,as C,1945,0.663,0.684
335,as 1B,1945,0.746,0.684
336,as 2B,1945,0.672,0.684
337,as PH,1945,0.564,0.684
338,as CF,1945,0.731,0.684
339,as LF,1945,0.725,0.684
340,as LF,1946,0.757,0.688
341,as 3B,1946,0.672,0.688
342,as C,1946,0.673,0.688
343,as P,1946,0.42,0.688
344,as RF,1946,0.744,0.688
345,as SS,1946,0.666,0.688
346,as CF,1946,0.712,0.688
347,as 1B,1946,0.775,0.688
348,as 2B,1946,0.673,0.688
349,as PH,1946,0.582,0.688
350,as PH,1947,0.621,0.713
351,as P,1947,0.428,0.713
352,as 3B,1947,0.735,0.713
353,as C,1947,0.696,0.713
354,as LF,1947,0.797,0.713
355,as 1B,1947,0.778,0.713
356,as 2B,1947,0.675,0.713
357,as RF,1947,0.762,0.713
358,as SS,1947,0.715,0.713
359,as CF,1947,0.76,0.713
360,as CF,1948,0.782,0.719
361,as LF,1948,0.801,0.719
362,as P,1948,0.451,0.719
363,as PH,1948,0.658,0.719
364,as 3B,1948,0.772,0.719
365,as C,1948,0.676,0.719
366,as RF,1948,0.805,0.719
367,as SS,1948,0.699,0.719
368,as 1B,1948,0.738,0.719
369,as 2B,1948,0.704,0.719
370,as 1B,1949,0.751,0.728
371,as 2B,1949,0.732,0.728
372,as PH,1949,0.632,0.728
373,as LF,1949,0.826,0.728
374,as CF,1949,0.769,0.728
375,as P,1949,0.447,0.728
376,as 3B,1949,0.75,0.728
377,as C,1949,0.722,0.728
378,as RF,1949,0.781,0.728
379,as SS,1949,0.707,0.728
380,as RF,1950,0.804,0.748
381,as SS,1950,0.724,0.748
382,as CF,1950,0.799,0.748
383,as PH,1950,0.642,0.748
384,as 1B,1950,0.811,0.748
385,as 2B,1950,0.736,0.748
386,as LF,1950,0.813,0.748
387,as 3B,1950,0.789,0.748
388,as C,1950,0.75,0.748
389,as P,1950,0.458,0.748
390,as 1B,1951,0.761,0.722
391,as 2B,1951,0.714,0.722
392,as CF,1951,0.754,0.722
393,as RF,1951,0.759,0.722
394,as SS,1951,0.683,0.722
395,as PH,1951,0.622,0.722
396,as P,1951,0.467,0.722
397,as LF,1951,0.818,0.722
398,as 3B,1951,0.77,0.722
399,as C,1951,0.712,0.722
400,as 3B,1952,0.718,0.696
401,as C,1952,0.691,0.696
402,as RF,1952,0.735,0.696
403,as SS,1952,0.685,0.696
404,as 1B,1952,0.777,0.696
405,as 2B,1952,0.683,0.696
406,as CF,1952,0.735,0.696
407,as LF,1952,0.782,0.696
408,as PH,1952,0.589,0.696
409,as P,1952,0.406,0.696
410,as P,1953,0.448,0.733
411,as RF,1953,0.784,0.733
412,as SS,1953,0.689,0.733
413,as 3B,1953,0.789,0.733
414,as C,1953,0.728,0.733
415,as 1B,1953,0.778,0.733
416,as 2B,1953,0.713,0.733
417,as PH,1953,0.67,0.733
418,as CF,1953,0.785,0.733
419,as LF,1953,0.821,0.733
420,as LF,1954,0.789,0.723
421,as 3B,1954,0.767,0.723
422,as C,1954,0.722,0.723
423,as RF,1954,0.756,0.723
424,as SS,1954,0.692,0.723
425,as P,1954,0.414,0.723
426,as CF,1954,0.802,0.723
427,as 1B,1954,0.789,0.723
428,as 2B,1954,0.708,0.723
429,as PH,1954,0.637,0.723
430,as PH,1955,0.65,0.726
431,as RF,1955,0.796,0.726
432,as SS,1955,0.692,0.726
433,as LF,1955,0.773,0.726
434,as 3B,1955,0.754,0.726
435,as C,1955,0.726,0.726
436,as P,1955,0.443,0.726
437,as 1B,1955,0.8,0.726
438,as 2B,1955,0.681,0.726
439,as CF,1955,0.795,0.726
440,as CF,1956,0.789,0.729
441,as 3B,1956,0.743,0.729
442,as C,1956,0.747,0.729
443,as RF,1956,0.798,0.729
444,as SS,1956,0.682,0.729
445,as PH,1956,0.621,0.729
446,as LF,1956,0.813,0.729
447,as P,1956,0.44,0.729
448,as 1B,1956,0.805,0.729
449,as 2B,1956,0.689,0.729
450,as 1B,1957,0.78,0.715
451,as 2B,1957,0.689,0.715
452,as PH,1957,0.625,0.715
453,as 3B,1957,0.725,0.715
454,as C,1957,0.7,0.715
455,as CF,1957,0.776,0.715
456,as RF,1957,0.762,0.715
457,as SS,1957,0.693,0.715
458,as P,1957,0.415,0.715
459,as LF,1957,0.823,0.715
460,as CF,1958,0.774,0.719
461,as PH,1958,0.657,0.719
462,as 1B,1958,0.785,0.719
463,as 2B,1958,0.68,0.719
464,as 3B,1958,0.735,0.719
465,as C,1958,0.715,0.719
466,as LF,1958,0.828,0.719
467,as RF,1958,0.793,0.719
468,as SS,1958,0.659,0.719
469,as P,1958,0.419,0.719
470,as P,1959,0.399,0.716
471,as 1B,1959,0.785,0.716
472,as 2B,1959,0.698,0.716
473,as CF,1959,0.769,0.716
474,as PH,1959,0.645,0.716
475,as RF,1959,0.795,0.716
476,as SS,1959,0.693,0.716
477,as 3B,1959,0.756,0.716
478,as C,1959,0.69,0.716
479,as LF,1959,0.773,0.716
480,as LF,1960,0.803,0.712
481,as 1B,1960,0.8,0.712
482,as 2B,1960,0.663,0.712
483,as P,1960,0.401,0.712
484,as CF,1960,0.775,0.712
485,as 3B,1960,0.747,0.712
486,as C,1960,0.683,0.712
487,as PH,1960,0.629,0.712
488,as RF,1960,0.764,0.712
489,as SS,1960,0.685,0.712
490,as RF,1961,0.827,0.727
491,as SS,1961,0.688,0.727
492,as P,1961,0.412,0.727
493,as LF,1961,0.782,0.727
494,as 1B,1961,0.844,0.727
495,as 2B,1961,0.653,0.727
496,as PH,1961,0.676,0.727
497,as CF,1961,0.786,0.727
498,as 3B,1961,0.741,0.727
499,as C,1961,0.725,0.727
500,as 3B,1962,0.735,0.719
501,as C,1962,0.718,0.719
502,as LF,1962,0.805,0.719
503,as RF,1962,0.819,0.719
504,as SS,1962,0.684,0.719
505,as P,1962,0.388,0.719
506,as CF,1962,0.759,0.719
507,as 1B,1962,0.798,0.719
508,as 2B,1962,0.675,0.719
509,as PH,1962,0.646,0.719
510,as PH,1963,0.579,0.681
511,as P,1963,0.364,0.681
512,as 3B,1963,0.697,0.681
513,as C,1963,0.689,0.681
514,as LF,1963,0.757,0.681
515,as RF,1963,0.774,0.681
516,as SS,1963,0.645,0.681
517,as 1B,1963,0.735,0.681
518,as 2B,1963,0.654,0.681
519,as CF,1963,0.727,0.681
520,as LF,1964,0.775,0.69
521,as PH,1964,0.582,0.69
522,as P,1964,0.356,0.69
523,as 3B,1964,0.732,0.69
524,as C,1964,0.688,0.69
525,as CF,1964,0.725,0.69
526,as 1B,1964,0.754,0.69
527,as 2B,1964,0.637,0.69
528,as RF,1964,0.774,0.69
529,as SS,1964,0.686,0.69
530,as RF,1965,0.768,0.683
531,as SS,1965,0.645,0.683
532,as P,1965,0.348,0.683
533,as LF,1965,0.755,0.683
534,as PH,1965,0.584,0.683
535,as 1B,1965,0.763,0.683
536,as 2B,1965,0.66,0.683
537,as 3B,1965,0.722,0.683
538,as C,1965,0.655,0.683
539,as CF,1965,0.734,0.683
540,as CF,1966,0.743,0.686
541,as LF,1966,0.736,0.686
542,as RF,1966,0.766,0.686
543,as SS,1966,0.655,0.686
544,as P,1966,0.377,0.686
545,as 3B,1966,0.73,0.686
546,as C,1966,0.681,0.686
547,as PH,1966,0.591,0.686
548,as 1B,1966,0.763,0.686
549,as 2B,1966,0.643,0.686
550,as 1B,1967,0.749,0.664
551,as 2B,1967,0.648,0.664
552,as CF,1967,0.708,0.664
553,as LF,1967,0.752,0.664
554,as RF,1967,0.74,0.664
555,as SS,1967,0.604,0.664
556,as PH,1967,0.582,0.664
557,as P,1967,0.348,0.664
558,as 3B,1967,0.701,0.664
559,as C,1967,0.629,0.664
560,as 3B,1968,0.65,0.639
561,as C,1968,0.626,0.639
562,as LF,1968,0.723,0.639
563,as 1B,1968,0.723,0.639
564,as 2B,1968,0.62,0.639
565,as CF,1968,0.692,0.639
566,as P,1968,0.34,0.639
567,as RF,1968,0.712,0.639
568,as SS,1968,0.573,0.639
569,as PH,1968,0.577,0.639
570,as PH,1969,0.593,0.689
571,as 1B,1969,0.794,0.689
572,as 2B,1969,0.665,0.689
573,as LF,1969,0.754,0.689
574,as 3B,1969,0.708,0.689
575,as C,1969,0.656,0.689
576,as RF,1969,0.786,0.689
577,as SS,1969,0.645,0.689
578,as CF,1969,0.737,0.689
579,as P,1969,0.367,0.689
580,as P,1970,0.38,0.711
581,as 3B,1970,0.76,0.711
582,as C,1970,0.713,0.711
583,as 1B,1970,0.802,0.711
584,as 2B,1970,0.646,0.711
585,as PH,1970,0.636,0.711
586,as LF,1970,0.809,0.711
587,as CF,1970,0.759,0.711
588,as RF,1970,0.787,0.711
589,as SS,1970,0.648,0.711
590,as RF,1971,0.749,0.682
591,as SS,1971,0.599,0.682
592,as PH,1971,0.606,0.682
593,as 3B,1971,0.717,0.682
594,as C,1971,0.683,0.682
595,as P,1971,0.376,0.682
596,as 1B,1971,0.778,0.682
597,as 2B,1971,0.668,0.682
598,as LF,1971,0.754,0.682
599,as CF,1971,0.727,0.682
600,as CF,1972,0.718,0.664
601,as P,1972,0.368,0.664
602,as PH,1972,0.565,0.664
603,as RF,1972,0.719,0.664
604,as SS,1972,0.592,0.664
605,as 3B,1972,0.681,0.664
606,as C,1972,0.663,0.664
607,as LF,1972,0.749,0.664
608,as 1B,1972,0.78,0.664
609,as 2B,1972,0.631,0.664
610,as RF,1973,0.752,0.704
611,as SS,1973,0.593,0.704
612,as P,1973,0.38,0.704
613,as CF,1973,0.746,0.704
614,as PH,1973,0.654,0.704
615,as 1B,1973,0.769,0.704
616,as 2B,1973,0.687,0.704
617,as 3B,1973,0.735,0.704
618,as C,1973,0.68,0.704
619,as LF,1973,0.766,0.704
620,as DH,1973,0.72,0.704
621,as PH,1974,0.621,0.693
622,as LF,1974,0.754,0.693
623,as P,1974,0.412,0.693
624,as RF,1974,0.741,0.693
625,as SS,1974,0.626,0.693
626,as CF,1974,0.728,0.693
627,as 3B,1974,0.705,0.693
628,as C,1974,0.673,0.693
629,as 1B,1974,0.753,0.693
630,as 2B,1974,0.661,0.693
631,as DH,1974,0.698,0.693
632,as CF,1975,0.73,0.701
633,as P,1975,0.377,0.701
634,as LF,1975,0.751,0.701
635,as 1B,1975,0.775,0.701
636,as 2B,1975,0.681,0.701
637,as PH,1975,0.656,0.701
638,as RF,1975,0.753,0.701
639,as SS,1975,0.612,0.701
640,as 3B,1975,0.719,0.701
641,as C,1975,0.685,0.701
642,as DH,1975,0.718,0.701
643,as PH,1976,0.626,0.681
644,as 3B,1976,0.705,0.681
645,as C,1976,0.648,0.681
646,as LF,1976,0.736,0.681
647,as P,1976,0.372,0.681
648,as CF,1976,0.71,0.681
649,as 1B,1976,0.741,0.681
650,as 2B,1976,0.65,0.681
651,as RF,1976,0.728,0.681
652,as SS,1976,0.62,0.681
653,as DH,1976,0.7,0.681
654,as CF,1977,0.749,0.73
655,as RF,1977,0.811,0.73
656,as SS,1977,0.629,0.73
657,as 3B,1977,0.756,0.73
658,as C,1977,0.739,0.73
659,as LF,1977,0.776,0.73
660,as PH,1977,0.662,0.73
661,as P,1977,0.403,0.73
662,as 1B,1977,0.795,0.73
663,as 2B,1977,0.681,0.73
664,as DH,1977,0.756,0.73
665,as PH,1978,0.658,0.702
666,as 1B,1978,0.752,0.702
667,as 2B,1978,0.658,0.702
668,as 3B,1978,0.721,0.702
669,as C,1978,0.686,0.702
670,as RF,1978,0.769,0.702
671,as SS,1978,0.644,0.702
672,as CF,1978,0.717,0.702
673,as LF,1978,0.756,0.702
674,as P,1978,0.37,0.702
675,as DH,1978,0.723,0.702
676,as CF,1979,0.754,0.727
677,as P,1979,0.375,0.727
678,as RF,1979,0.796,0.727
679,as SS,1979,0.648,0.727
680,as 1B,1979,0.791,0.727
681,as 2B,1979,0.692,0.727
682,as 3B,1979,0.751,0.727
683,as C,1979,0.709,0.727
684,as PH,1979,0.658,0.727
685,as LF,1979,0.775,0.727
686,as DH,1979,0.75,0.727
687,as PH,1980,0.675,0.714
688,as LF,1980,0.776,0.714
689,as 1B,1980,0.777,0.714
690,as 2B,1980,0.669,0.714
691,as P,1980,0.39,0.714
692,as RF,1980,0.763,0.714
693,as SS,1980,0.646,0.714
694,as CF,1980,0.723,0.714
695,as 3B,1980,0.733,0.714
696,as C,1980,0.695,0.714
697,as DH,1980,0.758,0.714
698,as CF,1981,0.709,0.689
699,as P,1981,0.377,0.689
700,as LF,1981,0.736,0.689
701,as 1B,1981,0.736,0.689
702,as 2B,1981,0.65,0.689
703,as PH,1981,0.64,0.689
704,as RF,1981,0.739,0.689
705,as SS,1981,0.622,0.689
706,as 3B,1981,0.723,0.689
707,as C,1981,0.672,0.689
708,as DH,1981,0.709,0.689
709,as PH,1982,0.635,0.713
710,as 3B,1982,0.741,0.713
711,as C,1982,0.694,0.713
712,as LF,1982,0.762,0.713
713,as P,1982,0.375,0.713
714,as CF,1982,0.73,0.713
715,as 1B,1982,0.764,0.713
716,as 2B,1982,0.681,0.713
717,as RF,1982,0.753,0.713
718,as SS,1982,0.655,0.713
719,as DH,1982,0.759,0.713
720,as CF,1983,0.73,0.714
721,as RF,1983,0.735,0.714
722,as SS,1983,0.665,0.714
723,as 3B,1983,0.744,0.714
724,as C,1983,0.692,0.714
725,as LF,1983,0.764,0.714
726,as PH,1983,0.673,0.714
727,as P,1983,0.361,0.714
728,as 1B,1983,0.765,0.714
729,as 2B,1983,0.69,0.714
730,as DH,1983,0.772,0.714
731,as PH,1984,0.65,0.708
732,as 1B,1984,0.767,0.708
733,as 2B,1984,0.682,0.708
734,as RF,1984,0.779,0.708
735,as SS,1984,0.631,0.708
736,as 3B,1984,0.714,0.708
737,as C,1984,0.68,0.708
738,as CF,1984,0.74,0.708
739,as LF,1984,0.748,0.708
740,as P,1984,0.362,0.708
741,as DH,1984,0.748,0.708
742,as CF,1985,0.731,0.714
743,as P,1985,0.355,0.714
744,as RF,1985,0.765,0.714
745,as SS,1985,0.656,0.714
746,as 1B,1985,0.787,0.714
747,as 2B,1985,0.7,0.714
748,as PH,1985,0.624,0.714
749,as 3B,1985,0.737,0.714
750,as C,1985,0.693,0.714
751,as LF,1985,0.753,0.714
752,as DH,1985,0.721,0.714
753,as PH,1986,0.682,0.721
754,as LF,1986,0.759,0.721
755,as 1B,1986,0.778,0.721
756,as 2B,1986,0.694,0.721
757,as P,1986,0.348,0.721
758,as RF,1986,0.773,0.721
759,as SS,1986,0.664,0.721
760,as CF,1986,0.742,0.721
761,as 3B,1986,0.751,0.721
762,as C,1986,0.686,0.721
763,as DH,1986,0.762,0.721
764,as CF,1987,0.774,0.747
765,as 3B,1987,0.776,0.747
766,as C,1987,0.689,0.747
767,as P,1987,0.348,0.747
768,as LF,1987,0.791,0.747
769,as 1B,1987,0.841,0.747
770,as 2B,1987,0.715,0.747
771,as PH,1987,0.67,0.747
772,as RF,1987,0.805,0.747
773,as SS,1987,0.683,0.747
774,as DH,1987,0.77,0.747
775,as PH,1988,0.593,0.696
776,as LF,1988,0.738,0.696
777,as 3B,1988,0.708,0.696
778,as C,1988,0.671,0.696
779,as P,1988,0.33,0.696
780,as CF,1988,0.71,0.696
781,as 1B,1988,0.759,0.696
782,as 2B,1988,0.667,0.696
783,as RF,1988,0.759,0.696
784,as SS,1988,0.652,0.696
785,as DH,1988,0.731,0.696
786,as CF,1989,0.691,0.695
787,as RF,1989,0.739,0.695
788,as SS,1989,0.641,0.695
789,as 3B,1989,0.706,0.695
790,as C,1989,0.654,0.695
791,as LF,1989,0.748,0.695
792,as PH,1989,0.61,0.695
793,as P,1989,0.356,0.695
794,as 1B,1989,0.781,0.695
795,as 2B,1989,0.695,0.695
796,as DH,1989,0.713,0.695
797,as PH,1990,0.618,0.71
798,as 1B,1990,0.788,0.71
799,as 2B,1990,0.696,0.71
800,as RF,1990,0.749,0.71
801,as SS,1990,0.655,0.71
802,as 3B,1990,0.708,0.71
803,as C,1990,0.69,0.71
804,as CF,1990,0.743,0.71
805,as LF,1990,0.758,0.71
806,as P,1990,0.341,0.71
807,as DH,1990,0.721,0.71
808,as CF,1991,0.723,0.708
809,as P,1991,0.346,0.708
810,as RF,1991,0.759,0.708
811,as SS,1991,0.669,0.708
812,as 1B,1991,0.757,0.708
813,as 2B,1991,0.704,0.708
814,as PH,1991,0.635,0.708
815,as 3B,1991,0.722,0.708
816,as C,1991,0.67,0.708
817,as LF,1991,0.733,0.708
818,as DH,1991,0.769,0.708
819,as PH,1992,0.624,0.7
820,as LF,1992,0.731,0.7
821,as 1B,1992,0.763,0.7
822,as 2B,1992,0.692,0.7
823,as RF,1992,0.726,0.7
824,as SS,1992,0.652,0.7
825,as P,1992,0.336,0.7
826,as CF,1992,0.727,0.7
827,as 3B,1992,0.72,0.7
828,as C,1992,0.672,0.7
829,as DH,1992,0.738,0.7
830,as CF,1993,0.749,0.736
831,as 3B,1993,0.751,0.736
832,as C,1993,0.718,0.736
833,as P,1993,0.367,0.736
834,as 1B,1993,0.819,0.736
835,as 2B,1993,0.715,0.736
836,as LF,1993,0.785,0.736
837,as RF,1993,0.766,0.736
838,as SS,1993,0.69,0.736
839,as PH,1993,0.645,0.736
840,as DH,1993,0.757,0.736
841,as PH,1994,0.712,0.763
842,as LF,1994,0.796,0.763
843,as P,1994,0.375,0.763
844,as 3B,1994,0.772,0.763
845,as C,1994,0.723,0.763
846,as 1B,1994,0.851,0.763
847,as 2B,1994,0.743,0.763
848,as CF,1994,0.768,0.763
849,as RF,1994,0.826,0.763
850,as SS,1994,0.706,0.763
851,as DH,1994,0.824,0.763
852,as CF,1995,0.741,0.755
853,as 3B,1995,0.779,0.755
854,as C,1995,0.723,0.755
855,as LF,1995,0.798,0.755
856,as P,1995,0.376,0.755
857,as PH,1995,0.703,0.755
858,as 1B,1995,0.843,0.755
859,as 2B,1995,0.727,0.755
860,as RF,1995,0.816,0.755
861,as SS,1995,0.693,0.755
862,as DH,1995,0.819,0.755
863,as PH,1996,0.668,0.767
864,as RF,1996,0.821,0.767
865,as SS,1996,0.721,0.767
866,as 3B,1996,0.789,0.767
867,as LF,1996,0.824,0.767
868,as C,1996,0.741,0.767
869,as CF,1996,0.775,0.767
870,as P,1996,0.372,0.767
871,as 1B,1996,0.846,0.767
872,as 2B,1996,0.715,0.767
873,as DH,1996,0.831,0.767
874,as C,1997,0.742,0.756
875,as CF,1997,0.761,0.756
876,as DH,1997,0.793,0.756
877,as 1B,1997,0.856,0.756
878,as 2B,1997,0.738,0.756
879,as 3B,1997,0.766,0.756
880,as RF,1997,0.824,0.756
881,as SS,1997,0.702,0.756
882,as PH,1997,0.648,0.756
883,as LF,1997,0.776,0.756
884,as P,1997,0.351,0.756
885,as P,1998,0.37,0.755
886,as RF,1998,0.828,0.755
887,as SS,1998,0.709,0.755
888,as 1B,1998,0.847,0.755
889,as 2B,1998,0.732,0.755
890,as C,1998,0.716,0.755
891,as CF,1998,0.764,0.755
892,as DH,1998,0.815,0.755
893,as 3B,1998,0.77,0.755
894,as LF,1998,0.787,0.755
895,as PH,1998,0.628,0.755
896,as PH,1999,0.675,0.778
897,as C,1999,0.746,0.778
898,as CF,1999,0.789,0.778
899,as DH,1999,0.834,0.778
900,as RF,1999,0.847,0.778
901,as SS,1999,0.735,0.778
902,as P,1999,0.377,0.778
903,as 1B,1999,0.853,0.778
904,as 2B,1999,0.764,0.778
905,as 3B,1999,0.788,0.778
906,as LF,1999,0.815,0.778
907,as LF,2000,0.842,0.782
908,as P,2000,0.377,0.782
909,as C,2000,0.759,0.782
910,as CF,2000,0.787,0.782
911,as DH,2000,0.823,0.782
912,as PH,2000,0.677,0.782
913,as RF,2000,0.836,0.782
914,as SS,2000,0.737,0.782
915,as 3B,2000,0.782,0.782
916,as 1B,2000,0.88,0.782
917,as 2B,2000,0.754,0.782
918,as PH,2001,0.665,0.759
919,as C,2001,0.706,0.759
920,as CF,2001,0.762,0.759
921,as DH,2001,0.784,0.759
922,as LF,2001,0.82,0.759
923,as P,2001,0.359,0.759
924,as 1B,2001,0.841,0.759
925,as 2B,2001,0.74,0.759
926,as RF,2001,0.824,0.759
927,as SS,2001,0.725,0.759
928,as 3B,2001,0.775,0.759
929,as P,2002,0.371,0.748
930,as C,2002,0.698,0.748
931,as CF,2002,0.756,0.748
932,as DH,2002,0.785,0.748
933,as PH,2002,0.646,0.748
934,as LF,2002,0.81,0.748
935,as 3B,2002,0.745,0.748
936,as RF,2002,0.818,0.748
937,as SS,2002,0.72,0.748
938,as 1B,2002,0.827,0.748
939,as 2B,2002,0.718,0.748
940,as 1B,2003,0.828,0.755
941,as 2B,2003,0.739,0.755
942,as PH,2003,0.65,0.755
943,as C,2003,0.723,0.755
944,as CF,2003,0.762,0.755
945,as DH,2003,0.793,0.755
946,as P,2003,0.362,0.755
947,as RF,2003,0.816,0.755
948,as SS,2003,0.719,0.755
949,as LF,2003,0.822,0.755
950,as 3B,2003,0.745,0.755
951,as 3B,2004,0.797,0.763
952,as C,2004,0.728,0.763
953,as CF,2004,0.774,0.763
954,as DH,2004,0.789,0.763
955,as 1B,2004,0.825,0.763
956,as 2B,2004,0.743,0.763
957,as PH,2004,0.67,0.763
958,as P,2004,0.36,0.763
959,as LF,2004,0.828,0.763
960,as RF,2004,0.798,0.763
961,as SS,2004,0.73,0.763
962,as RF,2005,0.794,0.749
963,as SS,2005,0.718,0.749
964,as PH,2005,0.65,0.749
965,as C,2005,0.705,0.749
966,as CF,2005,0.757,0.749
967,as DH,2005,0.775,0.749
968,as 3B,2005,0.774,0.749
969,as 1B,2005,0.824,0.749
970,as 2B,2005,0.747,0.749
971,as P,2005,0.369,0.749
972,as LF,2005,0.79,0.749
973,as LF,2006,0.818,0.768
974,as 3B,2006,0.805,0.768
975,as PH,2006,0.659,0.768
976,as RF,2006,0.807,0.768
977,as SS,2006,0.74,0.768
978,as C,2006,0.745,0.768
979,as CF,2006,0.761,0.768
980,as DH,2006,0.811,0.768
981,as P,2006,0.341,0.768
982,as 1B,2006,0.851,0.768
983,as 2B,2006,0.743,0.768
984,as RF,2007,0.804,0.758
985,as SS,2007,0.738,0.758
986,as 3B,2007,0.784,0.758
987,as LF,2007,0.8,0.758
988,as PH,2007,0.661,0.758
989,as 1B,2007,0.821,0.758
990,as 2B,2007,0.757,0.758
991,as C,2007,0.713,0.758
992,as CF,2007,0.758,0.758
993,as DH,2007,0.801,0.758
994,as P,2007,0.365,0.758
995,as P,2008,0.352,0.749
996,as LF,2008,0.786,0.749
997,as RF,2008,0.798,0.749
998,as SS,2008,0.718,0.749
999,as 3B,2008,0.772,0.749
1000,as C,2008,0.715,0.749
1001,as CF,2008,0.753,0.749
1002,as DH,2008,0.771,0.749
1003,as PH,2008,0.669,0.749
1004,as 1B,2008,0.817,0.749
1005,as 2B,2008,0.747,0.749
1006,as PH,2009,0.668,0.751
1007,as 1B,2009,0.846,0.751
1008,as 2B,2009,0.752,0.751
1009,as RF,2009,0.791,0.751
1010,as SS,2009,0.721,0.751
1011,as P,2009,0.35,0.751
1012,as LF,2009,0.781,0.751
1013,as 3B,2009,0.757,0.751
1014,as C,2009,0.717,0.751
1015,as CF,2009,0.749,0.751
1016,as DH,2009,0.782,0.751
1017,as C,2010,0.701,0.728
1018,as CF,2010,0.731,0.728
1019,as DH,2010,0.752,0.728
1020,as LF,2010,0.77,0.728
1021,as RF,2010,0.784,0.728
1022,as SS,2010,0.693,0.728
1023,as 1B,2010,0.802,0.728
1024,as 2B,2010,0.719,0.728
1025,as P,2010,0.348,0.728
1026,as PH,2010,0.638,0.728
1027,as 3B,2010,0.742,0.728
1028,as PH,2011,0.606,0.72
1029,as 2B,2011,0.709,0.72
1030,as 3B,2011,0.707,0.72
1031,as 1B,2011,0.797,0.72
1032,as LF,2011,0.728,0.72
1033,as C,2011,0.703,0.72
1034,as CF,2011,0.735,0.72
1035,as DH,2011,0.764,0.72
1036,as RF,2011,0.782,0.72
1037,as P,2011,0.357,0.72
1038,as SS,2011,0.697,0.72
1039,as SS,2012,0.688,0.724
1040,as C,2012,0.718,0.724
1041,as CF,2012,0.748,0.724
1042,as DH,2012,0.754,0.724
1043,as 1B,2012,0.778,0.724
1044,as 2B,2012,0.701,0.724
1045,as 3B,2012,0.754,0.724
1046,as LF,2012,0.757,0.724
1047,as P,2012,0.327,0.724
1048,as PH,2012,0.648,0.724
1049,as RF,2012,0.761,0.724
1050,as 2B,2013,0.71,0.714
1051,as 3B,2013,0.735,0.714
1052,as C,2013,0.698,0.714
1053,as CF,2013,0.73,0.714
1054,as DH,2013,0.725,0.714
1055,as SS,2013,0.681,0.714
1056,as 1B,2013,0.773,0.714
1057,as RF,2013,0.759,0.714
1058,as LF,2013,0.735,0.714
1059,as P,2013,0.333,0.714
1060,as PH,2013,0.628,0.714
1061,as P,2014,0.306,0.7
1062,as PH,2014,0.613,0.7
1063,as SS,2014,0.678,0.7
1064,as 2B,2014,0.686,0.7
1065,as 3B,2014,0.715,0.7
1066,as C,2014,0.689,0.7
1067,as CF,2014,0.719,0.7
1068,as DH,2014,0.736,0.7
1069,as LF,2014,0.724,0.7
1070,as 1B,2014,0.757,0.7
1071,as RF,2014,0.735,0.7
1072,as RF,2015,0.767,0.721
1073,as SS,2015,0.688,0.721
1074,as P,2015,0.329,0.721
1075,as PH,2015,0.62,0.721
1076,as 2B,2015,0.711,0.721
1077,as 3B,2015,0.755,0.721
1078,as 1B,2015,0.791,0.721
1079,as C,2015,0.682,0.721
1080,as CF,2015,0.739,0.721
1081,as DH,2015,0.765,0.721
1082,as LF,2015,0.736,0.721
1083,as LF,2016,0.739,0.739
1084,as P,2016,0.335,0.739
1085,as PH,2016,0.643,0.739
1086,as RF,2016,0.763,0.739
1087,as SS,2016,0.725,0.739
1088,as C,2016,0.703,0.739
1089,as CF,2016,0.745,0.739
1090,as DH,2016,0.775,0.739
1091,as 2B,2016,0.771,0.739
1092,as 3B,2016,0.777,0.739
1093,as 1B,2016,0.791,0.739
1094,as P,2017,0.318,0.75
1095,as PH,2017,0.647,0.75
1096,as 1B,2017,0.833,0.75
1097,as RF,2017,0.798,0.75
1098,as LF,2017,0.754,0.75
1099,as 2B,2017,0.754,0.75
1100,as 3B,2017,0.776,0.75
1101,as SS,2017,0.735,0.75
1102,as C,2017,0.726,0.75
1103,as CF,2017,0.764,0.75
1104,as DH,2017,0.737,0.75
1105,as C,2018,0.678,0.728
1106,as CF,2018,0.726,0.728
1107,as DH,2018,0.774,0.728
1108,as LF,2018,0.765,0.728
1109,as 1B,2018,0.771,0.728
1110,as P,2018,0.293,0.728
1111,as PH,2018,0.639,0.728
1112,as RF,2018,0.768,0.728
1113,as SS,2018,0.733,0.728
1114,as 2B,2018,0.714,0.728
1115,as 3B,2018,0.764,0.728
1116,as 2B,2019,0.737,0.758
1117,as 3B,2019,0.798,0.758
1118,as 1B,2019,0.8,0.758
1119,as C,2019,0.717,0.758
1120,as CF,2019,0.747,0.758
1121,as DH,2019,0.782,0.758
1122,as LF,2019,0.79,0.758
1123,as P,2019,0.322,0.758
1124,as PH,2019,0.708,0.758
1125,as RF,2019,0.8,0.758
1126,as SS,2019,0.772,0.758
1127,as SS,2020,0.748,0.74
1128,as LF,2020,0.757,0.74
1129,as 1B,2020,0.786,0.74
1130,as 2B,2020,0.692,0.74
1131,as 3B,2020,0.755,0.74
1132,as C,2020,0.706,0.74
1133,as CF,2020,0.734,0.74
1134,as DH,2020,0.723,0.74
1135,as RF,2020,0.764,0.74
1136,as P,2020,0.298,0.74
1137,as PH,2020,0.629,0.74
1138,as 1B,2021,0.792,0.728
1139,as SS,2021,0.736,0.728
1140,as LF,2021,0.737,0.728
1141,as 2B,2021,0.731,0.728
1142,as 3B,2021,0.741,0.728
1143,as P,2021,0.293,0.728
1144,as PH,2021,0.652,0.728
1145,as C,2021,0.697,0.728
1146,as CF,2021,0.721,0.728
1147,as DH,2021,0.75,0.728
1148,as RF,2021,0.774,0.728
1149,as RF,2022,0.714,0.706
1150,as LF,2022,0.725,0.706
1151,as 1B,2022,0.746,0.706
1152,as SS,2022,0.692,0.706
1153,as C,2022,0.663,0.706
1154,as CF,2022,0.688,0.706
1155,as DH,2022,0.71,0.706
1156,as 2B,2022,0.699,0.706
1157,as 3B,2022,0.725,0.706
1158,as P,2022,0.631,0.706
1159,as PH,2022,0.645,0.706
1160,as P,2023,0.46,0.734
1161,as PH,2023,0.659,0.734
1162,as LF,2023,0.751,0.734
1163,as RF,2023,0.754,0.734
1164,as 1B,2023,0.775,0.734
1165,as 2B,2023,0.724,0.734
1166,as 3B,2023,0.719,0.734
1167,as SS,2023,0.713,0.734
1168,as C,2023,0.697,0.734
1169,as CF,2023,0.73,0.734
1170,as DH,2023,0.756,0.734
1171,as C,2024,0.678,0.711
1172,as CF,2024,0.697,0.711
1173,as DH,2024,0.742,0.711
1174,as RF,2024,0.734,0.711
1175,as LF,2024,0.714,0.711
1176,as P,2024,0.442,0.711
1177,as PH,2024,0.64,0.711
1178,as SS,2024,0.728,0.711
1179,as 1B,2024,0.736,0.711
1180,as 2B,2024,0.684,0.711
1181,as 3B,2024,0.701,0.711
